{"cameraMode":{"drawMode":0,"name":"Shaded","section":"Shading Mode"},"sceneLighting":true,"audioPlay":false,"sceneViewState":{"showFog":true,"showMaterialUpdate":false,"showSkybox":true,"showFlares":true,"showImageEffects":true,"showParticleSystems":true},"in2DMode":false,"pivot":{"x":7.674770355224609,"y":1.9501218795776368,"z":0.3319321870803833},"rotation":{"x":-0.12708087265491486,"y":0.6941702961921692,"z":-0.12654417753219605,"w":-0.6971116065979004},"size":2.248744249343872,"orthographic":false}